{"precision": 0.775346462436178, "recall": 0.65983860955928, "fbeta": 0.7129443326626425}