{"workclass": {"Federal-gov": {"precision": 0.7611940298507462, "recall": 0.7846153846153846, "fbeta": 0.7727272727272727}, "Private": {"precision": 0.7773809523809524, "recall": 0.6376953125, "fbeta": 0.7006437768240343}, "State-gov": {"precision": 0.7096774193548387, "recall": 0.7213114754098361, "fbeta": 0.7154471544715446}, "?": {"precision": 0.8518518518518519, "recall": 0.5476190476190477, "fbeta": 0.6666666666666667}, "Local-gov": {"precision": 0.7984496124031008, "recall": 0.7152777777777778, "fbeta": 0.7545787545787546}, "Self-emp-inc": {"precision": 0.75, "recall": 0.8571428571428571, "fbeta": 0.7999999999999999}, "Self-emp-not-inc": {"precision": 0.7909090909090909, "recall": 0.5576923076923077, "fbeta": 0.6541353383458648}, "Never-worked": {"precision": 1.0, "recall": 1.0, "fbeta": 1.0}, "Without-pay": {"precision": 1.0, "recall": 1.0, "fbeta": 1.0}}, "education": {"HS-grad": {"precision": 0.711864406779661, "recall": 0.36627906976744184, "fbeta": 0.48368522072936654}, "Some-college": {"precision": 0.7387387387387387, "recall": 0.592057761732852, "fbeta": 0.657314629258517}, "Masters": {"precision": 0.8512820512820513, "recall": 0.8556701030927835, "fbeta": 0.8534704370179949}, "Assoc-voc": {"precision": 0.6833333333333333, "recall": 0.5942028985507246, "fbeta": 0.6356589147286822}, "9th": {"precision": 1.0, "recall": 0.0, "fbeta": 0.0}, "Bachelors": {"precision": 0.7757575757575758, "recall": 0.8050314465408805, "fbeta": 0.7901234567901235}, "5th-6th": {"precision": 1.0, "recall": 0.25, "fbeta": 0.4}, "11th": {"precision": 1.0, "recall": 0.25, "fbeta": 0.4}, "7th-8th": {"precision": 1.0, "recall": 0.2727272727272727, "fbeta": 0.42857142857142855}, "Assoc-acdm": {"precision": 0.725, "recall": 0.6444444444444445, "fbeta": 0.6823529411764706}, "Doctorate": {"precision": 0.7733333333333333, "recall": 0.8405797101449275, "fbeta": 0.8055555555555556}, "Prof-school": {"precision": 0.875, "recall": 0.9767441860465116, "fbeta": 0.923076923076923}, "12th": {"precision": 1.0, "recall": 0.4444444444444444, "fbeta": 0.6153846153846153}, "10th": {"precision": 1.0, "recall": 0.07142857142857142, "fbeta": 0.13333333333333333}, "Preschool": {"precision": 1.0, "recall": 1.0, "fbeta": 1.0}, "1st-4th": {"precision": 1.0, "recall": 1.0, "fbeta": 1.0}}, "marital-status": {"Married-civ-spouse": {"precision": 0.7665338645418327, "recall": 0.7032163742690059, "fbeta": 0.733511246664125}, "Never-married": {"precision": 0.9152542372881356, "recall": 0.46956521739130436, "fbeta": 0.6206896551724138}, "Married-spouse-absent": {"precision": 1.0, "recall": 0.375, "fbeta": 0.5454545454545454}, "Divorced": {"precision": 0.7804878048780488, "recall": 0.35555555555555557, "fbeta": 0.48854961832061067}, "Separated": {"precision": 1.0, "recall": 0.5384615384615384, "fbeta": 0.7000000000000001}, "Widowed": {"precision": 0.8333333333333334, "recall": 0.35714285714285715, "fbeta": 0.5}, "Married-AF-spouse": {"precision": 1.0, "recall": 0.0, "fbeta": 0.0}}, "occupation": {"Other-service": {"precision": 1.0, "recall": 0.15625, "fbeta": 0.2702702702702703}, "Adm-clerical": {"precision": 0.6756756756756757, "recall": 0.5263157894736842, "fbeta": 0.5917159763313609}, "Exec-managerial": {"precision": 0.7775061124694377, "recall": 0.8238341968911918, "fbeta": 0.8}, "Sales": {"precision": 0.7885714285714286, "recall": 0.6301369863013698, "fbeta": 0.700507614213198}, "Protective-serv": {"precision": 0.7575757575757576, "recall": 0.5952380952380952, "fbeta": 0.6666666666666667}, "?": {"precision": 0.8518518518518519, "recall": 0.5476190476190477, "fbeta": 0.6666666666666667}, "Handlers-cleaners": {"precision": 0.8, "recall": 0.17391304347826086, "fbeta": 0.2857142857142857}, "Prof-specialty": {"precision": 0.7938388625592417, "recall": 0.8271604938271605, "fbeta": 0.8101571946795647}, "Tech-support": {"precision": 0.6101694915254238, "recall": 0.7659574468085106, "fbeta": 0.679245283018868}, "Transport-moving": {"precision": 0.8076923076923077, "recall": 0.29577464788732394, "fbeta": 0.4329896907216495}, "Machine-op-inspct": {"precision": 0.631578947368421, "recall": 0.2608695652173913, "fbeta": 0.3692307692307692}, "Craft-repair": {"precision": 0.8181818181818182, "recall": 0.4945054945054945, "fbeta": 0.6164383561643836}, "Farming-fishing": {"precision": 0.8571428571428571, "recall": 0.2857142857142857, "fbeta": 0.42857142857142855}, "Priv-house-serv": {"precision": 1.0, "recall": 1.0, "fbeta": 1.0}, "Armed-Forces": {"precision": 1.0, "recall": 1.0, "fbeta": 1.0}}, "relationship": {"Husband": {"precision": 0.768064228367529, "recall": 0.7057377049180328, "fbeta": 0.7355830841520717}, "Wife": {"precision": 0.765625, "recall": 0.6805555555555556, "fbeta": 0.7205882352941176}, "Own-child": {"precision": 0.6666666666666666, "recall": 0.36363636363636365, "fbeta": 0.4705882352941177}, "Unmarried": {"precision": 0.8666666666666667, "recall": 0.35135135135135137, "fbeta": 0.5000000000000001}, "Not-in-family": {"precision": 0.8631578947368421, "recall": 0.4385026737967914, "fbeta": 0.5815602836879433}, "Other-relative": {"precision": 0.8333333333333334, "recall": 0.4166666666666667, "fbeta": 0.5555555555555556}}, "race": {"White": {"precision": 0.774375503626108, "recall": 0.6600274725274725, "fbeta": 0.7126436781609194}, "Black": {"precision": 0.7538461538461538, "recall": 0.6447368421052632, "fbeta": 0.6950354609929077}, "Asian-Pac-Islander": {"precision": 0.7818181818181819, "recall": 0.6825396825396826, "fbeta": 0.7288135593220338}, "Other": {"precision": 1.0, "recall": 0.8333333333333334, "fbeta": 0.9090909090909091}, "Amer-Indian-Eskimo": {"precision": 1.0, "recall": 0.5, "fbeta": 0.6666666666666666}}, "sex": {"Male": {"precision": 0.7731442869057548, "recall": 0.6693140794223826, "fbeta": 0.7174922600619196}, "Female": {"precision": 0.7906976744186046, "recall": 0.6017699115044248, "fbeta": 0.6834170854271356}}, "native-country": {"United-States": {"precision": 0.7728731942215088, "recall": 0.6573378839590444, "fbeta": 0.7104389524160827}, "?": {"precision": 0.8620689655172413, "recall": 0.7142857142857143, "fbeta": 0.7812500000000001}, "Mexico": {"precision": 1.0, "recall": 0.5, "fbeta": 0.6666666666666666}, "Italy": {"precision": 1.0, "recall": 0.3333333333333333, "fbeta": 0.5}, "India": {"precision": 0.6363636363636364, "recall": 0.875, "fbeta": 0.7368421052631579}, "France": {"precision": 0.75, "recall": 1.0, "fbeta": 0.8571428571428571}, "Puerto-Rico": {"precision": 1.0, "recall": 0.75, "fbeta": 0.8571428571428571}, "England": {"precision": 0.5, "recall": 0.5, "fbeta": 0.5}, "Iran": {"precision": 0.6, "recall": 1.0, "fbeta": 0.7499999999999999}, "Philippines": {"precision": 0.8823529411764706, "recall": 0.75, "fbeta": 0.8108108108108107}, "Trinadad&Tobago": {"precision": 0.0, "recall": 1.0, "fbeta": 0.0}, "China": {"precision": 0.6666666666666666, "recall": 0.6666666666666666, "fbeta": 0.6666666666666666}, "Columbia": {"precision": 0.0, "recall": 1.0, "fbeta": 0.0}, "Germany": {"precision": 0.8, "recall": 0.7272727272727273, "fbeta": 0.761904761904762}, "Dominican-Republic": {"precision": 1.0, "recall": 1.0, "fbeta": 1.0}, "South": {"precision": 0.8333333333333334, "recall": 0.7142857142857143, "fbeta": 0.7692307692307692}, "Haiti": {"precision": 1.0, "recall": 1.0, "fbeta": 1.0}, "Cuba": {"precision": 1.0, "recall": 0.6666666666666666, "fbeta": 0.8}, "Vietnam": {"precision": 1.0, "recall": 0.0, "fbeta": 0.0}, "Jamaica": {"precision": 1.0, "recall": 0.3333333333333333, "fbeta": 0.5}, "Yugoslavia": {"precision": 1.0, "recall": 1.0, "fbeta": 1.0}, "Thailand": {"precision": 1.0, "recall": 1.0, "fbeta": 1.0}, "Canada": {"precision": 0.75, "recall": 0.6666666666666666, "fbeta": 0.7058823529411765}, "Outlying-US(Guam-USVI-etc)": {"precision": 1.0, "recall": 1.0, "fbeta": 1.0}, "Ireland": {"precision": 1.0, "recall": 1.0, "fbeta": 1.0}, "Greece": {"precision": 1.0, "recall": 1.0, "fbeta": 1.0}, "Japan": {"precision": 0.75, "recall": 0.6, "fbeta": 0.6666666666666665},